last_update_time;status
2020-10-26 00:00:00;started
2020-10-26 21:19:58;started
2020-10-26 21:19:58;finished
2020-10-26 21:20:12;started
2020-10-26 21:20:12;finished
2020-10-26 21:20:28;started
2020-10-26 21:20:28;finished
2020-10-26 21:20:38;started
2020-10-26 21:20:38;finished
2020-10-26 21:22:38;started
2020-10-26 21:29:01;started
2020-10-26 21:29:01;finished
2020-10-26 21:29:37;started
2020-10-26 21:31:23;finished
2020-10-27 04:59:42;started
2020-10-27 05:03:55;finished
2020-10-27 06:57:40;started
2020-10-27 07:00:41;finished
2020-10-27 18:57:02;started
2020-10-27 18:59:52;finished
2020-10-27 19:04:25;started
2020-10-27 19:06:19;finished
2020-10-27 19:18:14;started
2020-10-27 19:19:57;finished
2020-10-28 07:12:20;started
2020-10-28 07:14:06;finished
2020-10-28 09:02:02;started
2020-10-28 09:03:36;finished
2020-10-28 14:01:37;started
2020-10-28 14:02:02;started
2020-10-28 14:03:29;finished
2020-10-28 19:30:58;started
2020-10-28 19:32:36;finished
2020-10-28 22:12:03;started
2020-10-28 22:13:33;finished
2020-10-29 05:01:54;started
2020-10-29 05:03:47;finished
2020-10-29 14:01:48;started
2020-10-29 14:02:02;started
2020-10-29 14:03:58;finished
2020-10-29 21:54:37;started
2020-10-29 21:57:00;started
2020-10-29 21:58:58;finished
2020-10-30 05:02:04;started
2020-10-30 05:03:45;finished
2020-10-30 09:02:02;started
2020-10-30 09:03:35;finished
2020-10-30 13:02:03;started
2020-10-30 13:03:35;finished
2020-10-30 14:02:02;started
2020-10-30 14:03:33;finished
2020-10-30 17:02:02;started
2020-10-30 17:03:54;finished
2020-10-30 21:02:03;started
2020-10-31 01:02:04;started
2020-10-31 01:03:50;finished
2020-10-31 05:02:05;started
2020-10-31 05:03:37;finished
2020-10-31 09:02:03;started
2020-10-31 09:03:43;finished
2020-10-31 13:02:03;started
2020-10-31 13:03:41;finished
2020-10-31 14:02:02;started
2020-10-31 14:03:44;finished
2020-10-31 17:02:02;started
2020-10-31 17:03:43;finished
2020-10-31 21:02:04;started
2020-10-31 21:04:05;finished
2020-11-01 01:02:03;started
2020-11-01 01:03:42;finished
2020-11-01 05:02:05;started
2020-11-01 05:03:40;finished
2020-11-01 09:02:03;started
2020-11-01 09:03:48;finished
2020-11-01 13:02:03;started
2020-11-01 13:03:40;finished
2020-11-01 14:02:02;started
2020-11-01 14:04:07;finished
2020-11-01 16:51:26;started
2020-11-01 16:51:26;finished
2020-11-01 16:55:15;started
2020-11-01 16:55:42;started
2020-11-01 17:02:05;started
2020-11-01 17:03:58;finished
2020-11-01 17:19:38;started
2020-11-01 17:21:25;finished
2020-11-01 17:33:44;started
2020-11-01 17:35:57;finished
2020-11-01 17:38:28;started
2020-11-01 17:41:00;finished
2020-11-01 17:51:11;started
2020-11-01 17:53:42;finished
2020-11-01 21:02:03;started
2020-11-01 21:04:15;finished
2020-11-02 01:02:04;started
2020-11-02 01:03:49;finished
2020-11-02 05:02:05;started
2020-11-02 05:03:56;finished
2020-11-02 09:02:04;started
2020-11-02 09:03:52;finished
2020-11-02 13:02:04;started
2020-11-02 13:03:54;finished
2020-11-02 14:02:02;started
2020-11-02 14:04:00;finished
2020-11-02 17:02:06;started
2020-11-02 17:04:05;finished
2020-11-02 21:02:04;started
2020-11-02 21:03:59;finished
2020-11-03 01:02:04;started
2020-11-03 01:03:44;finished
2020-11-03 05:02:04;started
2020-11-03 05:04:11;finished
2020-11-03 09:02:04;started
2020-11-03 09:03:50;finished
2020-11-03 13:02:06;started
2020-11-03 14:02:02;started
2020-11-03 14:03:49;finished
2020-11-03 17:02:06;started
2020-11-03 17:04:05;finished
2020-11-03 21:02:04;started
2020-11-03 21:03:59;finished
2020-11-04 01:02:04;started
2020-11-04 01:03:49;finished
2020-11-04 05:02:04;started
2020-11-04 05:03:59;finished
2020-11-04 09:02:04;started
2020-11-04 09:03:48;finished
2020-11-04 13:02:06;started
2020-11-04 14:02:02;started
2020-11-04 14:03:52;finished
2020-11-04 17:02:06;started
2020-11-04 17:03:55;finished
2020-11-04 21:02:04;started
2020-11-05 05:02:04;started
2020-11-05 05:03:56;finished
2020-11-05 14:01:31;started
2020-11-05 14:02:02;started
2020-11-05 14:04:02;finished
2020-11-06 04:59:37;started
2020-11-06 05:02:02;started
2020-11-06 05:04:05;finished
2020-11-06 14:01:53;started
2020-11-06 14:03:58;finished
2020-11-07 04:59:49;started
2020-11-07 04:59:52;started
2020-11-07 05:02:09;started
2020-11-07 05:04:12;finished
2020-11-07 15:12:04;started
2020-11-07 15:14:30;finished
2020-11-08 05:02:12;started
2020-11-08 05:04:18;finished
2020-11-08 14:02:09;started
2020-11-08 14:04:11;finished
2020-11-09 05:02:05;started
2020-11-09 05:03:58;finished
2020-11-09 14:01:43;started
2020-11-09 14:02:02;started
2020-11-09 14:04:37;finished
2020-11-09 21:16:40;started
2020-11-09 21:17:01;started
2020-11-09 21:19:51;finished
2020-11-09 21:20:24;started
2020-11-09 21:22:29;finished
2020-11-09 21:33:36;started
2020-11-09 21:35:57;started
2020-11-09 21:38:17;finished
2020-11-10 04:59:44;started
2020-11-10 05:02:05;started
2020-11-10 05:04:00;finished
2020-11-10 12:59:41;started
2020-11-10 13:02:01;started
2020-11-10 13:04:09;finished
2020-11-11 05:02:04;started
2020-11-11 06:30:51;started
2020-11-11 06:32:55;finished
2020-11-11 13:02:04;started
2020-11-11 13:04:17;finished
2020-11-11 21:32:55;started
2020-11-11 21:35:14;finished
2020-11-12 04:59:37;started
2020-11-12 05:02:02;started
2020-11-12 07:11:30;started
2020-11-12 07:15:08;started
2020-11-12 12:59:42;started
2020-11-12 13:02:03;started
2020-11-12 13:04:15;finished
2020-11-12 21:54:36;started
2020-11-12 21:56:26;started
2020-11-12 21:59:09;finished
2020-11-13 04:59:46;started
2020-11-13 05:02:02;started
2020-11-13 05:04:15;finished
2020-11-13 13:02:03;started
2020-11-13 13:04:06;finished
2020-11-13 17:02:05;started
2020-11-13 17:03:55;finished
2020-11-13 21:49:40;started
2020-11-13 21:51:43;finished
2020-11-14 04:59:58;started
2020-11-14 05:02:02;started
2020-11-14 05:04:08;finished
2020-11-14 12:59:41;started
2020-11-14 13:02:01;started
2020-11-14 13:02:03;started
2020-11-15 05:02:07;started
2020-11-15 05:05:09;finished
2020-11-15 12:59:45;started
2020-11-15 13:02:03;started
2020-11-15 13:02:03;started
2020-11-16 04:59:37;started
2020-11-16 05:02:02;started
2020-11-16 05:03:55;finished
2020-11-16 13:02:04;started
2020-11-16 13:04:24;finished
2020-11-16 21:28:45;started
2020-11-16 21:31:04;finished
2020-11-16 21:32:07;started
2020-11-16 21:34:47;finished
2020-11-17 05:02:02;started
2020-11-17 07:10:20;started
2020-11-17 07:12:38;finished
2020-11-17 12:59:43;started
2020-11-17 13:02:01;started
2020-11-17 13:03:56;finished
2020-11-17 21:02:04;started
2020-11-17 21:04:56;finished
2020-11-19 07:06:14;started
2020-11-19 07:10:20;finished
2020-11-19 14:02:04;started
2020-11-20 05:02:02;started
2020-11-20 05:04:10;finished
2020-11-20 14:01:47;started
2020-11-20 14:02:02;started
2020-11-20 14:04:08;finished
2020-11-21 04:59:53;started
2020-11-21 04:59:54;started
2020-11-21 05:02:04;started
2020-11-21 05:04:22;finished
2020-11-21 14:01:48;started
2020-11-21 14:02:02;started
2020-11-21 14:04:05;finished
2020-11-22 04:59:50;started
2020-11-22 05:02:04;started
2020-11-22 05:04:13;finished
2020-11-22 14:02:02;started
2020-11-22 14:04:00;finished
2020-11-23 04:59:40;started
2020-11-23 05:02:02;started
2020-11-23 14:02:02;started
2020-11-23 21:57:27;started
2020-11-23 21:59:20;started
2020-11-23 22:08:17;started
2020-11-23 22:11:03;finished
2020-11-24 04:59:48;started
2020-11-24 05:02:02;started
2020-11-24 05:03:56;finished
2020-11-24 14:01:43;started
2020-11-24 14:02:04;started
2020-11-24 14:04:43;finished
2020-11-25 04:59:46;started
2020-11-25 05:02:06;started
2020-11-25 05:04:26;finished
2020-11-25 14:01:43;started
2020-11-25 14:02:02;started
2020-11-25 14:04:14;finished
2020-11-26 04:59:48;started
2020-11-26 05:02:02;started
2020-11-26 05:04:12;finished
2020-11-26 14:02:04;started
2020-11-26 14:04:12;finished
2020-11-27 04:59:42;started
2020-11-27 04:59:42;started
2020-11-27 05:02:02;started
2020-11-27 05:04:15;finished
2020-11-27 14:02:04;started
2020-11-28 05:02:02;started
2020-11-28 05:03:59;finished
2020-11-28 14:01:44;started
2020-11-28 14:02:02;started
2020-11-28 14:04:13;finished
2020-11-29 05:02:04;started
2020-11-29 14:02:05;started
2020-11-29 14:04:07;finished
2020-11-29 19:10:00;started
2020-11-29 19:12:49;finished
2020-11-30 05:02:05;started
2020-11-30 05:04:16;finished
2020-11-30 14:01:53;started
2020-11-30 14:02:02;started
2020-11-30 14:04:27;finished
2020-12-01 05:02:11;started
2020-12-01 05:04:44;finished
2020-12-01 09:02:03;started
2020-12-01 09:04:27;finished
2020-12-01 13:02:03;started
2020-12-01 13:05:09;finished
2020-12-01 14:02:02;started
2020-12-01 14:05:10;finished
2020-12-01 17:02:02;started
2020-12-01 17:04:57;finished
2020-12-01 21:02:04;started
2020-12-01 21:04:20;finished
2020-12-02 01:02:04;started
2020-12-02 01:04:04;finished
2020-12-02 05:02:02;started
2020-12-02 05:03:56;finished
2020-12-02 09:02:03;started
2020-12-02 09:04:05;finished
2020-12-02 14:02:02;started
2020-12-02 14:04:03;finished
2020-12-02 17:02:02;started
2020-12-02 17:04:02;finished
2020-12-02 21:02:05;started
2020-12-02 21:04:14;finished
2020-12-03 01:02:05;started
2020-12-03 01:03:58;finished
2020-12-03 05:02:02;started
2020-12-03 05:04:22;finished
2020-12-03 09:02:04;started
2020-12-03 09:04:01;finished
2020-12-03 14:02:02;started
2020-12-03 14:04:13;finished
2020-12-03 17:02:04;started
2020-12-03 17:03:57;finished
2020-12-03 21:02:05;started
2020-12-03 21:04:15;finished
2020-12-04 01:02:04;started
2020-12-04 01:04:02;finished
2020-12-04 05:02:02;started
2020-12-04 05:03:56;finished
2020-12-04 09:02:03;started
2020-12-04 09:04:14;finished
2020-12-04 13:02:03;started
2020-12-04 13:03:58;finished
2020-12-04 14:02:02;started
2020-12-04 14:04:02;finished
2020-12-04 17:02:05;started
2020-12-04 17:03:59;finished
2020-12-04 21:02:04;started
2020-12-05 01:02:03;started
2020-12-05 01:04:03;finished
2020-12-05 05:02:04;started
2020-12-05 05:04:10;finished
2020-12-05 09:02:03;started
2020-12-05 09:03:59;finished
2020-12-05 14:02:05;started
2020-12-05 14:04:31;finished
2020-12-05 17:02:04;started
2020-12-05 17:04:29;finished
2020-12-05 21:02:05;started
2020-12-05 21:04:24;finished
2020-12-06 01:02:03;started
2020-12-06 01:03:59;finished
2020-12-06 05:02:02;started
2020-12-06 05:04:17;finished
2020-12-06 09:02:03;started
2020-12-06 09:04:00;finished
2020-12-06 13:02:05;started
2020-12-06 13:04:02;finished
2020-12-06 14:02:02;started
2020-12-06 14:04:02;finished
2020-12-06 17:02:02;started
2020-12-06 17:04:00;finished
2020-12-06 21:02:04;started
2020-12-06 21:04:10;finished
2020-12-07 01:02:03;started
2020-12-07 01:03:59;finished
2020-12-07 05:02:02;started
2020-12-07 05:03:56;finished
2020-12-07 09:02:03;started
2020-12-07 13:02:05;started
2020-12-07 13:04:04;finished
2020-12-07 14:02:02;started
2020-12-07 14:03:58;finished
2020-12-07 17:02:02;started
2020-12-07 17:04:02;finished
2020-12-07 21:02:04;started
2020-12-07 21:04:31;finished
2020-12-07 21:52:14;started
2020-12-07 21:54:45;finished
2020-12-08 01:02:03;started
2020-12-08 01:04:10;finished
2020-12-08 05:02:02;started
2020-12-08 05:03:58;finished
2020-12-08 09:02:05;started
2020-12-08 09:04:20;finished
2020-12-08 14:02:04;started
2020-12-08 14:04:03;finished
2020-12-08 17:02:02;started
2020-12-08 17:04:22;finished
2020-12-08 21:02:05;started
2020-12-08 21:04:20;finished
2020-12-09 01:02:05;started
2020-12-09 01:03:59;finished
2020-12-09 05:02:02;started
2020-12-09 05:03:59;finished
2020-12-09 09:02:06;started
2020-12-09 09:04:13;finished
2020-12-09 13:02:04;started
2020-12-09 13:03:59;finished
2020-12-09 14:02:04;started
2020-12-09 14:04:00;finished
2020-12-09 17:02:04;started
2020-12-09 17:04:14;finished
2020-12-09 21:02:05;started
2020-12-09 21:04:22;finished
2020-12-10 01:02:04;started
2020-12-10 01:04:46;finished
2020-12-10 05:02:02;started
2020-12-10 05:04:02;finished
2020-12-10 09:02:03;started
2020-12-10 09:04:06;finished
2020-12-10 13:02:01;started
2020-12-10 13:04:48;finished
2020-12-10 14:02:02;started
2020-12-10 14:04:15;finished
2020-12-10 17:02:02;started
2020-12-10 17:04:19;finished
2020-12-10 21:02:04;started
2020-12-11 01:02:03;started
2020-12-11 01:04:04;finished
2020-12-11 05:02:04;started
2020-12-11 05:04:05;finished
2020-12-11 09:02:02;started
2020-12-11 09:04:15;finished
2020-12-11 14:02:02;started
2020-12-11 14:03:57;finished
2020-12-11 17:02:02;started
2020-12-11 17:03:59;finished
2020-12-11 21:02:03;started
2020-12-11 21:04:15;finished
2020-12-12 01:02:04;started
2020-12-12 01:04:04;finished
2020-12-12 05:02:02;started
2020-12-12 05:04:16;finished
2020-12-12 09:02:02;started
2020-12-12 09:04:13;finished
2020-12-12 13:02:01;started
2020-12-12 13:03:59;finished
2020-12-12 14:02:02;started
2020-12-12 14:46:01;started
2020-12-12 14:48:30;started
2020-12-12 14:50:56;finished
2020-12-12 17:02:02;started
2020-12-12 17:04:22;finished
2020-12-12 21:02:05;started
2020-12-12 21:04:11;finished
2020-12-13 01:02:05;started
2020-12-13 01:04:04;finished
2020-12-13 05:02:02;started
2020-12-13 05:04:02;finished
2020-12-13 09:02:03;started
2020-12-13 09:04:13;finished
2020-12-13 13:02:07;started
2020-12-13 13:04:08;finished
2020-12-13 14:02:02;started
2020-12-13 14:04:04;finished
2020-12-13 17:02:02;started
2020-12-13 17:04:05;finished
2020-12-13 21:02:05;started
2020-12-13 21:04:19;finished
2020-12-14 05:02:05;started
2020-12-14 14:01:43;started
2020-12-14 14:02:02;started
2020-12-14 14:04:22;finished
2020-12-14 19:57:22;started
2020-12-14 21:02:05;started
2020-12-14 21:04:59;finished
2020-12-15 01:02:03;started
2020-12-15 01:04:06;finished
2020-12-15 05:02:02;started
2020-12-15 05:04:13;finished
2020-12-15 09:02:02;started
2020-12-15 09:04:07;finished
2020-12-15 13:02:01;started
2020-12-15 13:04:10;finished
2020-12-15 14:02:02;started
2020-12-15 14:04:04;finished
2020-12-15 17:02:04;started
2020-12-15 17:04:14;finished
2020-12-15 21:02:03;started
2020-12-15 21:04:03;finished
2020-12-16 01:02:01;started
2020-12-16 01:04:06;finished
2020-12-16 05:02:02;started
2020-12-16 05:04:18;finished
2020-12-16 09:02:02;started
2020-12-16 09:04:08;finished
2020-12-16 14:02:02;started
2020-12-16 14:04:11;finished
2020-12-16 17:02:02;started
2020-12-16 17:04:16;finished
2020-12-16 21:02:02;started
2020-12-16 21:04:22;finished
2020-12-17 01:02:04;started
2020-12-17 05:02:02;started
2020-12-17 09:02:02;started
2020-12-17 13:02:01;started
2020-12-17 14:02:02;started
2020-12-17 17:02:02;started
2020-12-17 21:02:04;started
2020-12-18 01:02:01;started
2020-12-18 05:02:02;started
2020-12-18 09:02:02;started
2020-12-18 13:02:01;started
2020-12-18 14:02:02;started
2020-12-18 17:02:02;started
2020-12-18 21:02:04;started
2020-12-19 01:02:01;started
2020-12-19 05:02:02;started
2020-12-19 09:02:03;started
2020-12-19 13:02:01;started
2020-12-19 14:02:02;started
2020-12-19 17:02:02;started
2020-12-19 21:02:03;started
2020-12-20 01:02:01;started
2020-12-20 05:02:02;started
2020-12-20 09:02:03;started
2020-12-20 11:58:16;started
2020-12-20 12:11:03;started
2020-12-20 12:13:33;finished
2020-12-20 13:02:01;started
2020-12-20 13:04:32;finished
2020-12-20 14:02:02;started
2020-12-20 17:02:02;started
2020-12-20 17:04:20;finished
2020-12-20 17:19:43;started
2020-12-20 17:22:03;finished
2020-12-20 21:02:02;started
2020-12-20 21:04:18;finished
2020-12-21 01:02:01;started
2020-12-21 01:04:01;finished
2020-12-21 05:02:04;started
2020-12-21 05:04:02;finished
2020-12-21 09:02:02;started
2020-12-21 09:04:03;finished
2020-12-21 11:05:58;started
2020-12-21 11:08:19;finished
2020-12-21 13:02:04;started
2020-12-21 13:04:03;finished
2020-12-21 14:02:02;started
2020-12-21 14:04:00;finished
2020-12-21 17:02:02;started
2020-12-21 17:04:20;finished
2020-12-21 21:02:03;started
2020-12-21 21:04:27;finished
2020-12-22 01:02:05;started
2020-12-22 01:04:19;finished
2020-12-22 05:02:02;started
2020-12-22 09:02:04;started
2020-12-22 14:02:05;started
2020-12-22 17:02:04;started
2020-12-22 17:04:39;finished
2020-12-22 21:02:05;started
2020-12-22 21:04:10;finished
2020-12-23 01:02:05;started
2020-12-23 01:04:04;finished
2020-12-23 05:02:02;started
2020-12-23 05:04:04;finished
2020-12-23 09:02:03;started
2020-12-23 09:04:23;finished
2020-12-23 13:02:05;started
2020-12-23 13:04:08;finished
2020-12-23 14:02:02;started
2020-12-23 14:04:09;finished
2020-12-23 17:02:04;started
2020-12-23 17:04:10;finished
2020-12-23 21:02:05;started
2020-12-23 21:04:23;finished
2020-12-24 01:02:05;started
2020-12-24 01:04:20;finished
2020-12-24 05:02:04;started
2020-12-24 05:04:05;finished
2020-12-24 09:02:04;started
2020-12-24 09:04:08;finished
2020-12-24 13:02:06;started
2020-12-24 13:04:26;finished
2020-12-24 14:02:02;started
2020-12-24 14:04:03;finished
2020-12-24 17:02:04;started
2020-12-24 17:04:08;finished
2020-12-24 21:02:04;started
2020-12-24 21:04:25;finished
2020-12-25 01:02:04;started
2020-12-25 01:04:43;finished
2020-12-25 05:02:04;started
2020-12-25 05:04:22;finished
2020-12-25 09:02:04;started
2020-12-25 09:04:07;finished
2020-12-25 14:02:06;started
2020-12-25 14:04:47;finished
2020-12-25 17:02:05;started
2020-12-25 17:04:37;finished
2020-12-25 21:02:05;started
2020-12-25 21:04:38;finished
2020-12-26 01:02:05;started
2020-12-26 01:04:51;finished
2020-12-26 05:02:05;started
2020-12-26 05:04:53;finished
2020-12-26 09:02:07;started
2020-12-26 09:05:03;finished
2020-12-26 13:02:06;started
2020-12-26 13:04:16;finished
2020-12-26 14:02:02;started
2020-12-26 14:04:29;finished
2020-12-26 17:02:05;started
2020-12-26 17:04:28;finished
2020-12-26 21:02:05;started
2020-12-26 21:04:32;finished
2020-12-27 01:02:04;started
2020-12-27 01:04:32;finished
2020-12-27 05:02:04;started
2020-12-27 05:04:28;finished
2020-12-27 09:02:06;started
2020-12-27 09:04:31;finished
2020-12-27 14:02:09;started
2020-12-27 14:05:53;finished
2020-12-28 12:49:19;started
2020-12-28 14:02:06;started
2020-12-28 14:04:22;finished
2020-12-29 05:02:02;started
2020-12-29 05:04:26;finished
2020-12-29 09:02:03;started
2020-12-29 09:04:26;finished
2020-12-29 11:04:45;started
2020-12-29 11:07:38;started
2020-12-29 11:11:43;started
2020-12-29 11:14:01;finished
2020-12-29 11:18:09;started
2020-12-29 11:20:51;finished
2020-12-29 13:02:04;started
2020-12-29 13:04:24;finished
2020-12-29 14:02:04;started
2020-12-29 14:04:32;finished
2020-12-29 17:02:04;started
2020-12-29 17:04:19;finished
2020-12-29 21:02:03;started
2020-12-30 05:02:05;started
2020-12-30 05:04:29;finished
2020-12-30 14:01:48;started
2020-12-30 14:04:32;finished
2020-12-31 05:00:12;started
2020-12-31 05:02:07;started
2020-12-31 05:04:25;finished
2020-12-31 11:01:16;started
2020-12-31 11:03:35;finished
2020-12-31 13:32:07;started
2020-12-31 13:34:33;finished
2020-12-31 14:02:02;started
2020-12-31 14:04:56;finished
2021-01-01 05:00:13;started
2021-01-01 05:02:05;started
2021-01-01 05:04:36;finished
2021-01-01 14:02:02;started
2021-01-01 14:04:35;finished
2021-01-01 16:28:59;started
2021-01-01 16:29:48;started
2021-01-01 16:31:23;started
2021-01-01 16:34:25;finished
2021-01-01 17:02:04;started
2021-01-02 05:02:10;started
2021-01-02 05:05:53;finished
2021-01-02 10:28:24;started
2021-01-02 10:30:47;finished
2021-01-02 14:02:02;started
2021-01-02 14:04:14;finished
2021-01-02 18:03:55;started
2021-01-02 18:06:12;finished
2021-01-02 18:48:41;started
2021-01-02 18:51:00;finished
2021-01-03 04:59:49;started
2021-01-03 05:02:05;started
2021-01-03 05:04:34;finished
2021-01-03 14:03:31;started
2021-01-03 14:05:55;finished
2021-01-03 17:58:15;started
2021-01-03 18:00:34;finished
2021-01-04 04:59:42;started
2021-01-04 05:02:02;started
2021-01-04 05:04:30;finished
2021-01-04 14:01:52;started
2021-01-04 14:02:02;started
2021-01-04 14:04:37;finished
2021-01-04 20:31:25;started
2021-01-04 20:34:53;finished
2021-01-04 20:55:21;started
2021-01-04 21:03:21;finished
2021-01-04 21:08:51;started
2021-01-04 21:14:41;finished
2021-01-05 04:59:37;started
2021-01-05 05:02:05;started
2021-01-05 05:04:12;finished
2021-01-05 14:01:38;started
2021-01-05 14:02:02;started
2021-01-05 14:04:35;finished
2021-01-06 05:02:05;started
2021-01-06 14:01:38;started
2021-01-06 14:02:02;started
2021-01-06 14:04:26;finished
2021-01-07 04:59:36;started
2021-01-07 05:02:05;started
2021-01-07 05:04:36;finished
2021-01-07 14:02:02;started
2021-01-07 14:04:17;finished
2021-01-08 04:59:36;started
2021-01-08 05:02:04;started
2021-01-08 05:04:35;finished
2021-01-08 14:01:33;started
2021-01-08 14:02:02;started
2021-01-08 14:04:24;finished
2021-01-08 20:29:54;started
2021-01-09 04:59:37;started
2021-01-09 05:02:05;started
2021-01-09 05:04:44;finished
2021-01-09 14:02:02;started
2021-01-09 14:04:21;finished
2021-01-09 17:48:16;started
2021-01-09 17:50:47;finished
2021-01-10 04:43:16;started
2021-01-10 05:02:05;started
2021-01-10 05:04:15;finished
2021-01-10 14:01:31;started
2021-01-10 14:02:02;started
2021-01-10 14:04:21;finished
2021-01-10 20:29:51;started
2021-01-11 04:59:37;started
2021-01-11 05:02:04;started
2021-01-11 05:04:20;finished
2021-01-11 14:02:02;started
2021-01-11 14:04:27;finished
2021-01-11 20:29:53;started
2021-01-11 22:26:09;started
2021-01-11 22:29:21;finished
2021-01-12 04:59:42;started
2021-01-12 05:02:05;started
2021-01-12 05:04:13;finished
2021-01-12 14:01:39;started
2021-01-12 14:02:02;started
2021-01-12 14:04:26;finished
2021-01-12 20:29:53;started
2021-01-13 04:59:37;started
2021-01-13 05:02:04;started
2021-01-13 14:02:02;started
2021-01-13 20:29:52;started
2021-01-14 04:59:45;started
2021-01-14 05:02:07;started
2021-01-14 05:06:14;finished
2021-01-14 14:01:39;started
2021-01-14 14:02:02;started
2021-01-14 14:04:52;finished
2021-01-14 17:02:04;started
2021-01-14 17:04:20;finished
2021-01-15 04:59:41;started
2021-01-15 05:02:02;started
2021-01-15 05:04:32;finished
2021-01-15 14:01:34;started
2021-01-15 14:02:02;started
2021-01-15 14:04:37;finished
2021-01-15 20:29:54;started
2021-01-16 04:59:45;started
2021-01-16 05:02:04;started
2021-01-16 05:04:18;finished
2021-01-16 14:02:06;started
2021-01-16 14:06:03;finished
2021-01-17 05:02:06;started
2021-01-17 14:02:06;started
2021-01-17 14:04:31;finished
2021-01-17 18:01:43;started
2021-01-17 20:49:18;started
2021-01-17 20:51:56;finished
2021-01-17 21:02:03;started
2021-01-17 21:04:57;finished
2021-01-19 07:42:20;started
2021-01-19 14:02:04;started
2021-01-19 14:04:20;finished
2021-01-19 21:02:06;started
2021-01-19 21:04:34;finished
2021-01-21 20:55:43;started
2021-01-21 21:00:02;finished
2021-01-21 21:00:19;started
2021-01-21 21:05:32;finished
2021-01-22 05:02:02;started
2021-01-22 05:04:49;finished
2021-01-22 17:41:33;started
2021-01-25 07:45:39;started
2021-01-25 07:49:07;finished
2021-01-25 07:49:12;started
2021-01-25 07:52:25;finished
2021-01-25 14:02:04;started
2021-01-26 04:59:40;started
2021-01-26 05:02:02;started
2021-01-26 07:39:28;started
2021-01-26 07:42:48;finished
2021-01-26 09:02:04;started
2021-01-26 09:04:40;finished
2021-01-26 13:02:03;started
2021-01-26 14:02:02;started
2021-01-26 14:04:24;finished
2021-01-26 17:02:02;started
2021-01-26 17:04:32;finished
2021-01-26 21:02:03;started
2021-01-26 21:04:37;finished
2021-01-27 04:59:37;started
2021-01-27 05:02:02;started
2021-01-27 05:04:25;finished
2021-01-27 14:01:39;started
2021-01-27 14:02:02;started
2021-01-27 14:04:36;finished
2021-01-28 04:59:42;started
2021-01-28 05:02:05;started
2021-01-28 05:04:53;finished
2021-01-28 14:01:31;started
2021-01-28 14:02:02;started
2021-01-29 05:02:05;started
2021-01-29 05:04:34;finished
2021-01-29 14:02:02;started
2021-01-29 14:04:28;finished
2021-01-30 05:02:07;started
2021-01-30 05:04:43;finished
2021-01-30 14:01:38;started
2021-01-30 14:02:02;started
2021-01-30 14:04:54;finished
2021-01-31 04:59:42;started
2021-01-31 05:02:05;started
2021-01-31 05:04:37;finished
2021-01-31 14:01:53;started
2021-01-31 14:02:02;started
2021-01-31 14:04:28;finished
2021-02-01 05:02:06;started
2021-02-01 05:04:34;finished
2021-02-01 14:02:04;started
2021-02-01 17:33:59;started
2021-02-01 17:36:29;finished
2021-02-02 04:59:51;started
2021-02-02 05:02:05;started
2021-02-02 05:04:43;finished
2021-02-02 14:01:47;started
2021-02-02 14:02:02;started
2021-02-02 14:04:55;finished
2021-02-03 05:02:05;started
2021-02-03 05:04:50;finished
2021-02-03 06:39:21;started
2021-02-03 06:41:53;finished
2021-02-03 07:11:03;started
2021-02-03 07:15:21;finished
2021-02-03 14:01:39;started
2021-02-03 14:02:04;started
2021-02-03 17:32:12;started
2021-02-04 07:47:13;started
2021-02-04 09:02:04;started
2021-02-04 14:02:02;started
2021-02-05 05:02:05;started
2021-02-05 05:04:41;finished
2021-02-05 09:02:05;started
2021-02-05 13:02:03;started
2021-02-05 13:04:37;finished
2021-02-05 14:02:02;started
2021-02-05 14:04:23;finished
2021-02-05 17:02:02;started
2021-02-05 17:04:31;finished
2021-02-05 21:02:03;started
2021-02-06 01:02:05;started
2021-02-06 01:04:33;finished
2021-02-06 05:02:02;started
2021-02-06 05:04:22;finished
2021-02-06 09:02:05;started
2021-02-06 09:04:36;finished
2021-02-06 13:02:03;started
2021-02-06 13:04:34;finished
2021-02-06 14:02:04;started
2021-02-06 14:04:37;finished
2021-02-06 17:02:12;started
2021-02-06 17:05:52;finished
2021-02-06 21:02:06;started
2021-02-06 21:04:35;finished
2021-02-07 01:02:04;started
2021-02-07 01:04:29;finished
2021-02-07 05:02:04;started
2021-02-07 05:04:25;finished
2021-02-07 09:02:05;started
2021-02-07 09:04:34;finished
2021-02-07 13:02:04;started
2021-02-07 14:02:02;started
2021-02-07 14:04:36;finished
2021-02-07 17:02:07;started
2021-02-07 17:04:57;finished
2021-02-07 21:02:06;started
2021-02-07 21:04:56;finished
2021-02-08 01:02:05;started
2021-02-08 01:05:06;finished
2021-02-08 05:02:04;started
2021-02-08 05:04:36;finished
2021-02-08 13:02:06;started
2021-02-08 14:02:04;started
2021-02-08 18:28:52;started
2021-02-08 21:02:05;started
2021-02-08 21:04:42;finished
2021-02-09 04:59:52;started
2021-02-09 05:02:02;started
2021-02-09 05:06:18;finished
2021-02-09 21:02:05;started
2021-02-10 04:59:48;started
2021-02-10 05:02:02;started
2021-02-10 05:06:47;finished
2021-02-10 20:28:46;started
2021-02-10 21:02:04;started
2021-02-11 04:59:41;started
2021-02-11 05:02:04;started
2021-02-11 05:10:39;finished
2021-02-11 09:02:05;started
2021-02-11 09:05:40;finished
2021-02-11 13:02:04;started
2021-02-11 14:02:02;started
2021-02-11 14:09:10;finished
2021-02-11 17:02:11;started
2021-02-11 17:08:36;finished
2021-02-11 21:02:04;started
2021-02-11 21:09:48;finished
2021-02-12 01:02:04;started
2021-02-12 01:08:42;finished
2021-02-12 05:02:05;started
2021-02-12 05:12:33;finished
2021-02-12 12:29:42;started
2021-02-12 13:02:05;started
2021-02-12 14:02:04;started
2021-02-12 19:01:18;started
2021-02-15 21:02:05;started
2021-02-16 17:02:06;started
2021-02-16 17:08:05;finished
2021-02-16 21:02:08;started
2021-02-18 18:08:41;started
2021-02-18 18:13:11;finished
2021-02-18 21:02:04;started
2021-02-18 21:06:24;finished
2021-02-19 01:02:03;started
2021-02-19 01:06:21;finished
2021-02-19 05:02:02;started
2021-02-19 05:06:15;finished
2021-02-19 09:02:03;started
2021-02-19 09:06:13;finished
2021-02-19 13:02:05;started
2021-02-19 13:06:37;finished
2021-02-19 14:02:04;started
2021-02-19 14:07:02;finished
2021-02-19 17:02:04;started
2021-02-19 17:06:46;finished
2021-02-19 21:02:06;started
2021-02-19 21:06:59;finished
2021-02-20 01:02:05;started
2021-02-20 01:05:35;finished
2021-02-20 05:02:04;started
2021-02-20 05:06:32;finished
2021-02-20 09:02:05;started
2021-02-20 09:05:55;finished
2021-02-20 14:02:04;started
2021-02-20 14:06:48;finished
2021-02-20 17:02:02;started
2021-02-20 17:05:58;finished
2021-02-20 21:02:05;started
2021-02-20 21:05:45;finished
2021-02-21 01:02:03;started
2021-02-21 01:05:35;finished
2021-02-21 05:02:02;started
2021-02-21 05:05:20;finished
2021-02-21 09:02:05;started
2021-02-21 09:05:37;finished
2021-02-21 11:08:52;started
2021-02-21 11:09:02;started
2021-02-21 11:11:29;started
2021-02-21 11:17:40;finished
2021-02-21 11:19:02;started
2021-02-21 11:19:09;started
2021-02-21 11:22:59;finished
2021-02-21 11:56:09;started
2021-02-21 11:57:14;started
2021-02-21 12:01:46;finished
2021-02-21 12:07:44;started
2021-02-21 12:12:50;finished
2021-02-22 09:57:17;started
2021-02-22 10:01:54;finished
2021-02-22 22:14:48;started
2021-02-22 22:19:41;finished
2021-02-24 20:07:27;started
2021-02-24 20:07:35;started
2021-02-24 20:10:09;started
2021-02-24 20:15:32;started
2021-02-24 20:16:17;started
2021-02-24 20:16:54;started
2021-02-24 20:17:39;started
2021-02-24 20:20:19;started
2021-02-24 20:22:52;finished
2021-02-25 21:00:17;started
2021-02-25 21:15:57;started
2021-02-25 21:16:25;started
2021-02-25 21:19:55;finished
2021-02-26 17:59:37;started
2021-02-26 18:01:29;started
2021-02-26 18:02:22;started
2021-02-26 18:02:52;started
2021-02-27 05:00:14;started
2021-02-27 05:03:37;finished
2021-02-27 09:00:14;started
2021-02-27 13:00:13;started
2021-02-27 14:00:13;started
2021-02-27 14:03:20;finished
2021-02-27 17:15:19;started
2021-02-27 21:00:18;started
2021-02-28 22:09:02;started
2021-02-28 22:14:53;finished
2021-03-01 05:00:13;started
2021-03-01 21:50:55;started
2021-03-01 21:56:08;finished
2021-03-02 07:03:04;started
2021-03-02 07:04:58;started
2021-03-02 07:10:18;finished
2021-03-02 09:00:15;started
2021-03-03 06:56:19;started
2021-03-03 18:39:26;started
2021-03-03 18:42:23;finished
2021-03-04 05:00:14;started
2021-03-04 17:00:14;started
2021-03-05 07:27:06;started
2021-03-06 10:58:28;started
2021-03-06 11:01:20;finished
2021-03-06 14:00:13;started
2021-03-06 14:03:15;finished
2021-03-07 05:00:46;started
2021-03-07 05:03:55;finished
2021-03-07 09:00:15;started
2021-03-07 13:49:31;started
2021-03-07 13:53:32;finished
2021-03-07 14:00:13;started
2021-03-07 17:00:14;started
2021-03-07 21:00:15;started
2021-03-08 05:00:14;started
2021-03-08 05:03:43;finished
2021-03-08 07:51:45;started
2021-03-08 07:57:20;started
2021-03-08 07:58:55;started
2021-03-08 07:59:36;started
2021-03-08 09:51:42;started
2021-03-08 13:58:27;started
2021-03-08 14:00:41;started
2021-03-08 19:00:37;started
2021-03-08 21:00:13;started
2021-03-08 21:52:42;started
2021-03-08 22:07:45;started
2021-03-08 22:14:23;started
2021-03-08 22:21:29;started
2021-03-08 22:28:27;finished
2021-03-09 04:59:58;started
2021-03-09 05:00:13;started
2021-03-09 15:50:52;started
2021-03-09 15:50:58;started
2021-03-09 17:00:14;started
2021-03-09 17:03:21;finished
2021-03-10 06:52:41;started
2021-03-10 07:22:06;started
2021-03-10 07:28:49;started
2021-03-10 07:34:06;finished
2021-03-10 20:39:43;started
2021-03-10 20:42:20;started
2021-03-10 20:51:39;started
2021-03-10 21:01:46;started
2021-03-10 21:08:20;started
2021-03-10 21:10:43;started
2021-03-10 21:12:54;finished
2021-03-10 21:17:13;started
2021-03-10 21:19:04;finished
2021-03-10 21:20:16;started
2021-03-10 21:23:00;started
2021-03-10 21:26:07;started
2021-03-10 21:27:49;finished
2021-03-10 21:36:29;started
2021-03-10 21:50:31;started
2021-03-10 22:02:15;started
2021-03-10 22:04:43;started
2021-03-10 22:08:32;finished
2021-03-10 22:15:02;started
2021-03-10 22:16:52;finished
2021-03-10 22:17:57;started
2021-03-10 22:19:46;finished
2021-03-10 22:23:23;started
2021-03-10 22:28:08;finished
2021-03-11 07:59:52;started
2021-03-11 21:44:56;started
2021-03-11 21:49:22;started
2021-03-11 22:02:23;started
2021-03-11 22:06:39;started
2021-03-11 22:10:45;finished
2021-03-12 07:58:37;started
2021-03-12 17:48:38;started
2021-03-12 17:59:03;finished
2021-03-12 20:33:47;started
2021-03-12 20:46:51;started
2021-03-12 20:47:07;started
2021-03-12 20:47:36;started
2021-03-12 20:49:08;finished
2021-03-12 21:02:52;started
2021-03-12 21:03:21;started
2021-03-12 21:10:31;started
2021-03-12 21:12:11;finished
2021-03-12 21:29:47;started
2021-03-12 21:31:31;finished
2021-03-12 21:40:21;started
2021-03-12 21:42:31;finished
2021-03-16 07:31:39;started
2021-03-16 20:23:22;started
2021-03-16 20:23:27;finished
2021-03-16 20:24:40;started
2021-03-16 20:24:59;started
2021-03-16 20:26:13;finished
2021-03-16 20:45:28;started
2021-03-17 06:12:36;started
2021-03-17 06:18:06;started
2021-03-17 06:25:38;started
2021-03-17 06:26:13;finished
2021-03-17 06:39:21;started
2021-03-17 06:39:44;started
2021-03-17 06:40:14;finished
2021-03-17 06:41:29;started
2021-03-17 06:42:09;started
2021-03-17 06:48:00;started
2021-03-17 06:48:32;finished
2021-03-17 06:51:03;started
2021-03-17 06:51:35;finished
2021-03-17 07:48:18;started
2021-03-17 07:51:28;started
2021-03-17 07:52:34;finished
2021-03-17 18:35:40;started
2021-03-17 18:36:09;started
2021-03-17 18:37:40;finished
2021-03-17 20:37:12;started
2021-03-17 20:39:31;finished
2021-03-17 20:59:37;started
2021-03-17 21:00:03;started
2021-03-17 21:01:33;started
2021-03-17 21:02:18;started
2021-03-17 21:03:59;started
2021-03-17 21:04:05;finished
2021-03-17 21:33:25;started
2021-03-17 21:33:31;finished
2021-03-17 21:54:25;started
2021-03-17 21:58:27;finished
2021-03-17 22:03:08;started
2021-03-17 22:03:38;finished
2021-03-17 22:06:55;started
2021-03-17 22:08:58;started
2021-03-17 22:09:12;finished
2021-03-18 16:36:21;started
2021-03-18 16:38:04;finished
2021-03-18 16:53:37;started
2021-03-18 16:55:01;finished
2021-03-18 17:29:08;started
2021-03-18 17:30:17;finished
2021-03-18 19:09:43;started
2021-03-18 19:14:12;finished
2021-03-19 01:00:15;started
2021-03-19 01:03:47;finished
2021-03-19 05:00:16;started
2021-03-19 05:04:20;finished
2021-03-19 14:00:08;started
2021-03-19 14:00:14;started
2021-03-19 14:04:02;finished
2021-03-20 16:18:19;started
2021-03-20 16:22:24;finished
2021-03-21 05:00:54;started
2021-03-21 05:05:07;finished
2021-03-21 14:00:09;started
2021-03-21 14:00:13;started
2021-03-21 14:03:57;finished
2021-03-21 17:00:52;started
2021-03-21 17:04:32;finished
2021-03-21 21:00:54;started
2021-03-22 04:59:59;started
2021-03-22 05:00:13;started
2021-03-22 05:00:52;started
2021-03-22 05:09:20;finished
2021-03-22 14:00:40;started
2021-03-22 14:04:24;finished
2021-03-23 05:00:14;started
2021-03-23 13:59:50;started
2021-03-23 14:00:13;started
2021-03-23 14:03:32;finished
2021-03-23 14:05:06;finished
2021-03-23 21:30:12;started
2021-03-23 21:38:00;finished
2021-03-24 04:59:54;started
2021-03-24 05:00:14;started
2021-03-24 05:08:08;finished
2021-03-24 21:00:15;started
2021-03-25 05:00:44;started
2021-03-25 05:04:55;finished
2021-03-25 20:48:31;started
2021-03-25 20:54:36;finished
2021-03-25 21:00:33;started
2021-03-25 21:07:07;finished
2021-03-26 04:59:55;started
2021-03-26 05:00:13;started
2021-03-26 05:00:32;started
2021-03-26 05:04:00;finished
2021-03-27 05:00:14;started
2021-03-27 05:04:45;finished
2021-03-27 14:00:01;started
2021-03-27 14:00:13;started
2021-03-27 14:03:44;finished
2021-03-27 14:05:20;finished
2021-03-27 18:20:04;started
2021-03-27 18:24:03;finished
2021-03-28 04:59:54;started
2021-03-28 05:00:13;started
2021-03-28 05:04:13;finished
2021-03-28 06:39:50;started
2021-03-28 06:44:45;finished
2021-03-28 14:00:14;started
2021-03-28 14:04:05;finished
2021-03-30 05:00:32;started
2021-03-30 05:04:40;finished
2021-04-02 16:44:44;started
2021-04-03 05:00:14;started
2021-04-03 05:05:35;finished
2021-04-03 13:59:59;started
2021-04-03 14:00:14;started
2021-04-04 05:00:20;started
2021-04-04 14:00:16;started
2021-04-04 14:05:02;finished
2021-04-05 09:48:28;started
2021-04-05 09:52:41;finished
2021-04-05 14:00:14;started
2021-04-05 14:03:58;finished
2021-04-06 04:59:59;started
2021-04-06 05:00:13;started
2021-04-06 05:07:24;finished
2021-04-06 19:28:41;started
2021-04-06 19:33:23;finished
2021-04-06 21:22:37;started
2021-04-06 21:27:13;finished
2021-04-07 04:59:53;started
2021-04-07 05:00:13;started
2021-04-07 05:11:16;finished
2021-04-07 21:00:14;started
2021-04-07 21:04:38;finished
2021-04-08 04:59:42;started
2021-04-08 05:00:13;started
2021-04-08 05:04:30;finished
2021-04-10 07:35:27;started
2021-04-10 07:36:42;started
2021-04-10 07:41:56;finished
2021-04-11 05:00:22;started
2021-04-11 05:04:11;finished
2021-04-11 09:21:18;started
2021-04-11 09:25:14;finished
2021-04-11 13:59:53;started
2021-04-11 14:00:13;started
2021-04-11 14:04:10;finished
2021-04-11 14:05:54;finished
2021-04-12 04:59:54;started
2021-04-12 05:00:14;started
2021-04-12 05:06:34;finished
2021-04-12 21:00:15;started
2021-04-12 21:04:36;finished
2021-04-13 05:00:00;started
2021-04-13 05:00:13;started
2021-04-13 05:04:36;finished
2021-04-13 13:59:58;started
2021-04-13 14:00:14;started
2021-04-13 14:04:58;finished
2021-04-13 14:06:47;finished
2021-04-13 21:10:29;started
2021-04-13 21:17:50;finished
2021-04-14 04:59:57;started
2021-04-14 05:00:13;started
2021-04-14 05:05:14;finished
2021-04-14 21:20:40;started
2021-04-14 21:36:24;started
2021-04-14 21:51:04;finished
2021-04-15 14:00:08;started
2021-04-15 14:00:18;started
2021-04-15 14:06:42;finished
2021-04-15 17:00:16;started
2021-04-15 17:05:02;finished
2021-04-16 05:00:13;started
2021-04-16 05:04:25;finished
2021-04-16 13:59:57;started
2021-04-16 14:00:14;started
2021-04-16 14:05:03;finished
2021-04-16 20:22:06;started
2021-04-16 20:28:39;finished
2021-04-16 21:00:15;started
2021-04-16 21:06:51;finished
2021-04-17 04:59:51;started
2021-04-17 05:00:14;started
2021-04-17 05:04:27;finished
2021-04-17 10:02:34;started
2021-04-17 10:07:50;finished
2021-04-17 13:59:53;started
2021-04-17 14:00:13;started
2021-04-17 14:05:06;finished
2021-04-18 14:00:12;started
2021-04-18 14:00:13;started
2021-04-18 14:05:08;finished
2021-04-19 04:59:53;started
2021-04-19 05:00:14;started
2021-04-19 14:00:14;started
2021-04-19 14:05:54;finished
2021-04-19 21:55:52;started
2021-04-19 21:59:48;started
2021-04-19 22:01:59;finished
2021-04-19 22:04:48;finished
2021-04-19 22:09:15;started
2021-04-19 22:10:36;finished
2021-04-20 04:59:45;started
2021-04-20 05:00:14;started
2021-04-20 05:04:41;finished
2021-04-20 13:59:59;started
2021-04-20 14:00:13;started
2021-04-20 20:20:09;started
2021-04-20 21:48:00;started
2021-04-20 21:53:37;finished
2021-04-21 04:59:52;started
2021-04-21 05:00:14;started
2021-04-21 05:05:04;finished
2021-04-21 13:59:54;started
2021-04-21 14:00:13;started
2021-04-21 14:04:50;finished
2021-04-21 14:06:55;finished
2021-04-22 04:59:51;started
2021-04-22 05:00:32;started
2021-04-22 05:06:42;finished
2021-04-22 13:59:54;started
2021-04-22 14:00:13;started
2021-04-22 14:06:18;finished
2021-04-22 14:08:49;finished
2021-04-23 04:59:50;started
2021-04-23 05:00:14;started
2021-04-23 05:04:26;finished
2021-04-23 14:00:14;started
2021-04-23 14:04:59;finished
2021-04-24 04:59:54;started
2021-04-24 05:00:14;started
2021-04-24 13:59:57;started
2021-04-24 14:00:13;started
2021-04-24 14:04:51;finished
2021-04-24 14:07:09;finished
2021-04-25 05:00:16;started
2021-04-25 05:05:51;finished
2021-04-25 14:00:13;started
2021-04-25 14:05:22;finished
2021-04-25 21:15:06;started
2021-04-25 21:20:42;finished
2021-04-26 14:00:00;started
2021-04-26 14:00:13;started
2021-04-26 14:05:15;finished
2021-04-26 21:02:48;started
2021-04-26 21:02:56;started
2021-04-26 21:11:39;finished
2021-04-27 04:59:52;started
2021-04-27 05:00:14;started
2021-04-27 05:06:18;finished
2021-04-27 14:00:01;started
2021-04-27 14:00:13;started
2021-04-27 14:07:08;finished
2021-04-28 05:00:17;started
2021-04-28 14:00:00;started
2021-04-28 14:00:14;started
2021-04-28 14:06:22;finished
2021-04-28 14:09:26;finished
2021-04-29 05:00:23;started
2021-04-29 14:00:29;started
2021-04-29 14:07:59;finished
2021-04-30 05:00:31;started
2021-04-30 05:09:47;finished
2021-05-01 09:59:25;started
2021-05-01 10:06:26;finished
2021-05-01 14:00:14;started
2021-05-01 14:06:18;finished
2021-05-02 04:59:53;started
2021-05-02 05:00:20;started
2021-05-02 05:06:39;finished
2021-05-02 05:08:18;finished
2021-05-02 10:20:27;started
2021-05-02 14:00:01;started
2021-05-02 14:00:13;started
2021-05-02 14:06:32;finished
2021-05-02 14:08:28;finished
2021-05-03 05:00:14;started
2021-05-03 05:06:10;finished
2021-05-03 14:00:14;started
2021-05-03 14:05:49;finished
2021-05-04 04:59:55;started
2021-05-04 05:00:16;started
2021-05-04 05:08:12;finished
2021-05-04 14:00:03;started
2021-05-04 14:00:13;started
2021-05-04 14:06:10;finished
2021-05-05 05:00:00;started
2021-05-05 05:00:14;started
2021-05-05 05:06:16;finished
2021-05-05 14:00:03;started
2021-05-05 14:00:13;started
2021-05-05 14:05:58;finished
2021-05-05 14:08:10;finished
2021-05-06 04:59:56;started
2021-05-06 05:00:13;started
2021-05-06 14:00:14;started
2021-05-06 14:06:28;finished
2021-05-07 05:00:24;started
2021-05-07 05:05:47;finished
2021-05-07 14:00:20;started
2021-05-07 14:07:00;finished
2021-05-08 10:02:41;started
2021-05-08 10:10:24;finished
2021-05-08 14:00:16;started
2021-05-08 14:06:18;finished
2021-05-09 05:00:20;started
2021-05-09 05:06:02;finished
2021-05-09 14:00:14;started
2021-05-09 14:07:08;finished
2021-05-10 05:00:21;started
2021-05-10 09:00:15;started
2021-05-10 09:07:28;finished
2021-05-10 13:52:47;started
2021-05-10 14:00:18;started
2021-05-11 05:00:13;started
2021-05-11 05:06:39;finished
2021-05-11 14:00:03;started
2021-05-11 14:00:13;started
2021-05-11 14:10:57;finished
2021-05-12 04:59:55;started
2021-05-12 05:00:13;started
2021-05-12 05:05:07;finished
2021-05-12 10:03:32;started
2021-05-12 10:09:37;finished
2021-05-12 14:00:14;started
2021-05-12 14:05:23;finished
2021-05-12 17:00:14;started
2021-05-12 17:04:26;finished
2021-05-13 05:00:13;started
2021-05-13 05:04:53;finished
2021-05-13 13:56:07;started
2021-05-13 14:00:14;started
2021-05-13 14:00:41;finished
2021-05-13 14:04:23;finished
2021-05-14 05:00:17;started
2021-05-14 05:04:31;finished
2021-05-14 14:00:02;started
2021-05-14 14:00:16;started
2021-05-14 14:06:07;finished
2021-05-15 05:00:09;started
2021-05-15 05:00:17;started
2021-05-15 13:59:59;started
2021-05-15 14:00:13;started
2021-05-15 14:05:30;finished
2021-05-15 14:07:27;finished
2021-05-16 05:00:00;started
2021-05-16 05:00:14;started
2021-05-16 05:04:59;finished
2021-05-16 14:00:14;started
2021-05-16 14:05:01;finished
2021-05-16 19:53:28;started
2021-05-16 19:57:59;finished
2021-05-16 21:00:15;started
2021-05-16 21:06:28;finished
2021-05-17 04:59:45;started
2021-05-17 05:00:14;started
2021-05-17 05:05:18;finished
2021-05-17 14:00:01;started
2021-05-17 14:00:13;started
2021-05-18 04:59:53;started
2021-05-18 05:00:14;started
2021-05-18 05:05:09;finished
2021-05-18 13:59:52;started
2021-05-18 14:00:13;started
2021-05-18 14:05:10;finished
2021-05-18 14:07:09;finished
2021-05-18 20:31:34;started
2021-05-18 21:00:15;started
2021-05-18 21:05:10;finished
2021-05-19 05:00:14;started
2021-05-19 05:04:36;finished
2021-05-19 14:00:14;started
2021-05-19 14:05:31;finished
2021-05-30 14:19:46;started
2021-05-30 14:25:02;finished
2021-05-31 05:00:14;started
2021-05-31 05:04:59;finished
2021-05-31 14:00:05;started
2021-05-31 14:00:13;started
2021-05-31 14:06:06;finished
2021-05-31 14:07:45;finished
2021-06-01 04:59:57;started
2021-06-01 05:00:14;started
2021-06-01 05:05:30;finished
2021-06-01 14:00:14;started
2021-06-02 05:00:16;started
2021-06-02 05:05:31;finished
2021-06-02 14:00:11;started
2021-06-02 14:00:17;started
2021-06-02 14:06:20;finished
2021-06-02 20:26:39;started
2021-06-02 20:36:08;finished
2021-06-02 21:00:13;started
2021-06-02 21:05:34;finished
2021-06-03 05:00:13;started
2021-06-03 05:05:47;finished
2021-06-03 14:00:14;started
2021-06-03 14:06:30;finished
2021-06-04 05:00:31;started
2021-06-04 14:00:27;started
2021-06-05 05:01:18;started
2021-06-05 05:06:53;finished
2021-06-05 14:00:20;started
2021-06-06 05:00:25;started
2021-06-06 14:00:27;started
2021-06-06 14:05:41;finished
2021-06-06 17:56:50;started
2021-06-06 18:03:34;finished
2021-06-07 05:00:18;started
2021-06-07 14:00:24;started
2021-06-07 14:05:51;finished
2021-06-09 13:59:05;started
2021-06-09 14:00:13;started
2021-06-09 14:04:53;finished
2021-06-09 14:07:04;finished
2021-06-09 17:00:14;started
2021-06-09 21:00:14;started
2021-06-09 21:05:22;finished
2021-06-10 04:59:56;started
2021-06-10 05:00:13;started
2021-06-10 05:05:43;finished
2021-06-10 13:59:59;started
2021-06-10 14:00:13;started
2021-06-10 14:05:55;finished
2021-06-10 20:44:14;started
2021-06-10 21:00:15;started
2021-06-11 04:59:50;started
2021-06-11 05:00:14;started
2021-06-11 05:05:47;finished
2021-06-11 09:00:15;started
2021-06-11 13:37:03;started
2021-06-11 14:00:14;started
2021-06-11 14:05:31;finished
2021-06-12 04:59:53;started
2021-06-12 05:00:14;started
2021-06-12 09:31:47;started
2021-06-12 09:37:51;finished
2021-06-12 13:59:55;started
2021-06-12 14:00:13;started
2021-06-12 14:06:07;finished
2021-06-12 21:22:08;started
2021-06-13 04:59:57;started
2021-06-13 05:00:16;started
2021-06-13 05:05:55;finished
2021-06-13 14:00:03;started
2021-06-13 14:00:13;started
2021-06-13 14:05:52;finished
2021-06-14 05:00:14;started
2021-06-14 05:05:25;finished
2021-06-14 14:00:03;started
2021-06-14 14:00:13;started
2021-06-14 14:06:33;finished
2021-06-15 04:59:58;started
2021-06-15 05:00:16;started
2021-06-15 05:06:35;finished
2021-06-15 13:59:59;started
2021-06-15 14:00:13;started
2021-06-15 14:07:04;finished
2021-06-15 14:07:22;finished
2021-06-16 04:59:52;started
2021-06-16 05:00:14;started
2021-06-16 14:00:16;started
2021-06-16 14:09:56;finished
2021-06-17 04:59:57;started
2021-06-17 05:00:14;started
2021-06-17 14:00:07;started
2021-06-17 14:00:19;started
2021-06-17 21:37:31;started
2021-06-17 21:43:34;finished
2021-06-19 13:59:53;started
2021-06-19 14:00:13;started
2021-06-19 14:07:53;finished
2021-06-19 14:10:32;finished
2021-06-20 05:00:14;started
2021-06-20 05:05:31;finished
2021-06-20 14:00:05;started
2021-06-20 14:00:13;started
2021-06-21 05:00:14;started
2021-06-21 14:00:04;started
2021-06-21 14:00:13;started
2021-06-21 14:06:35;finished
2021-06-21 14:08:30;finished
2021-06-22 04:59:54;started
2021-06-22 05:00:14;started
2021-06-22 05:19:30;finished
2021-06-22 14:00:23;started
2021-06-22 14:05:31;finished
2021-06-23 05:00:24;started
2021-06-23 05:07:48;finished
2021-06-23 14:00:29;started
2021-06-23 14:13:17;finished
2021-06-24 05:00:22;started
2021-06-24 05:07:48;finished
2021-06-24 20:52:11;started
2021-06-24 21:00:15;started
2021-06-24 21:07:15;finished
2021-06-25 05:00:16;started
2021-06-25 05:06:14;finished
2021-06-25 14:00:16;started
2021-06-25 14:06:05;finished
2021-06-26 05:00:16;started
2021-06-26 05:07:21;finished
2021-06-26 10:52:25;started
2021-06-26 10:59:26;finished
2021-06-26 13:59:59;started
2021-06-26 14:00:13;started
2021-06-26 14:05:54;finished
2021-06-26 14:06:12;finished
2021-06-27 05:00:17;started
2021-06-27 14:00:12;started
2021-06-27 14:00:13;started
2021-06-27 14:05:49;finished
2021-06-27 20:15:09;started
2021-06-27 20:21:00;finished
2021-06-27 21:00:15;started
2021-06-27 21:05:49;finished
2021-06-28 14:00:22;started
2021-06-28 14:00:34;started
2021-06-28 14:07:31;finished
2021-06-28 14:09:56;finished
2021-06-28 20:07:35;started
2021-06-28 21:00:15;started
2021-06-29 05:00:18;started
2021-06-29 05:06:37;finished
2021-06-29 19:59:20;started
2021-06-29 20:05:36;finished
2021-06-29 21:00:15;started
2021-06-29 21:12:49;finished
2021-06-30 20:24:47;started
2021-06-30 21:00:15;started
2021-06-30 21:07:02;finished
2021-07-01 05:00:14;started
2021-07-01 05:06:35;finished
2021-07-01 13:50:00;started
2021-07-01 14:00:13;started
2021-07-01 14:06:40;finished
2021-07-02 13:59:57;started
2021-07-02 14:00:13;started
2021-07-02 14:05:28;finished
2021-07-02 17:00:14;started
2021-07-02 17:05:40;finished
2021-07-03 04:59:57;started
2021-07-03 05:00:14;started
2021-07-03 05:06:25;finished
2021-07-03 14:00:21;started
2021-07-03 14:12:05;finished
2021-07-04 13:59:57;started
2021-07-04 14:00:14;started
2021-07-04 14:05:55;finished
2021-07-04 14:07:46;finished
2021-07-05 04:59:58;started
2021-07-05 05:00:30;started
2021-07-05 13:59:54;started
2021-07-05 14:00:14;started
2021-07-06 04:59:58;started
2021-07-06 05:00:14;started
2021-07-06 05:06:18;finished
2021-07-06 14:00:01;started
2021-07-06 14:00:14;started
2021-07-07 04:59:53;started
2021-07-10 15:44:23;started
2021-07-10 15:50:01;finished
2021-07-11 04:59:55;started
2021-07-11 05:00:14;started
2021-07-11 05:06:42;finished
2021-07-11 14:00:20;started
2021-07-11 14:06:21;finished
2021-07-12 04:59:52;started
2021-07-12 05:00:13;started
2021-07-12 05:06:03;finished
2021-07-12 13:59:59;started
2021-07-12 14:00:13;started
2021-07-12 14:06:40;finished
2021-07-13 05:00:00;started
2021-07-13 05:00:13;started
2021-07-13 05:06:10;finished
2021-07-13 13:59:53;started
2021-07-13 14:00:22;started
2021-07-13 14:05:55;finished
2021-07-13 21:15:26;started
2021-07-14 04:59:53;started
2021-07-14 05:00:14;started
2021-07-14 13:50:00;started
2021-07-14 14:00:14;started
2021-07-14 14:01:11;finished
2021-07-15 04:59:55;started
2021-07-15 05:00:13;started
2021-07-15 14:00:00;started
2021-07-15 14:00:16;started
2021-07-15 14:07:48;finished
2021-07-15 14:10:09;finished
2021-07-15 20:32:08;started
2021-07-15 21:00:14;started
2021-07-18 12:12:19;started
2021-07-18 12:17:51;finished
2021-07-18 13:59:54;started
2021-07-18 14:09:09;finished
2021-07-19 04:59:54;started
2021-07-19 05:00:23;started
2021-07-19 14:00:05;started
2021-07-19 14:00:13;started
2021-07-19 20:01:40;started
2021-07-19 20:03:33;started
2021-07-19 20:05:10;started
2021-07-19 20:10:51;finished
2021-07-19 21:00:15;started
2021-07-19 21:06:44;finished
2021-07-20 21:49:30;started
2021-07-20 21:55:31;finished
2021-07-21 06:59:23;started
2021-07-21 14:00:14;started
2021-07-22 05:00:14;started
2021-07-22 05:05:25;finished
2021-07-22 21:00:15;started
2021-07-22 21:05:58;finished
2021-07-23 01:00:16;started
2021-07-23 01:07:18;finished
2021-07-23 05:00:14;started
2021-07-23 05:10:07;finished
2021-07-23 09:00:15;started
2021-07-23 09:10:40;finished
2021-07-23 13:00:15;started
2021-07-23 13:10:22;finished
2021-07-23 14:00:14;started
2021-07-23 14:13:33;finished
2021-07-23 17:00:14;started
2021-07-23 17:10:32;finished
2021-07-23 21:00:15;started
2021-07-23 21:05:13;finished
2021-07-24 05:00:17;started
2021-07-24 14:00:05;started
2021-07-25 04:59:58;started
2021-07-25 05:00:17;started
2021-07-25 14:00:16;started
2021-07-25 21:00:14;started
2021-07-26 05:00:14;started
2021-07-26 13:59:57;started
2021-07-26 14:00:13;started
2021-07-26 20:03:36;started
2021-07-26 20:04:32;started
2021-07-26 20:11:32;finished
2021-07-26 20:11:33;finished
2021-07-26 21:00:14;started
2021-07-26 21:07:21;finished
2021-07-27 05:00:16;started
2021-07-27 14:00:09;started
2021-07-27 14:00:13;started
2021-07-27 14:05:57;finished
2021-07-28 14:00:27;started
2021-07-28 14:13:34;finished
2021-07-29 05:00:14;started
2021-07-29 05:06:33;finished
2021-07-29 14:00:14;started
2021-07-30 05:00:14;started
2021-07-30 05:05:58;finished
2021-07-31 05:00:17;started
2021-07-31 14:00:12;started
2021-07-31 14:00:17;started
2021-07-31 14:06:35;finished
2021-08-01 05:00:27;started
2021-08-01 05:07:04;finished
2021-08-01 14:00:14;started
2021-08-01 14:05:48;finished
2021-08-02 04:59:58;started
2021-08-02 05:00:14;started
2021-08-02 05:04:43;finished
2021-08-02 05:06:20;finished
2021-08-02 14:00:05;started
2021-08-02 14:00:13;started
2021-08-02 14:06:32;finished
2021-08-02 14:06:49;finished
2021-08-03 14:00:14;started
2021-08-03 14:05:27;finished
2021-08-04 04:59:59;started
2021-08-04 05:00:13;started
2021-08-04 14:00:28;started
2021-08-05 14:00:31;started
2021-08-06 05:00:44;started
2021-08-06 05:08:15;finished
2021-08-06 14:00:09;started
2021-08-06 14:00:13;started
2021-08-06 14:06:10;finished
2021-08-07 05:00:21;started
2021-08-07 05:06:25;finished
2021-08-07 10:16:04;started
2021-08-07 10:38:37;started
2021-08-07 10:43:59;finished
2021-08-07 14:00:14;started
2021-08-08 14:01:06;started
2021-08-08 17:00:21;started
2021-08-08 21:00:14;started
2021-08-08 21:05:34;finished
2021-08-09 05:00:14;started
2021-08-09 14:00:14;started
2021-08-09 14:06:43;finished
2021-08-09 14:09:07;finished
2021-08-09 18:35:48;started
2021-08-09 21:00:15;started
2021-08-10 05:00:14;started
2021-08-10 14:00:14;started
2021-08-10 14:06:49;finished
2021-08-10 17:50:33;started
2021-08-10 21:20:28;started
2021-08-10 21:27:59;finished
2021-08-11 05:00:14;started
2021-08-11 13:59:06;started
2021-08-11 14:00:13;started
2021-08-11 14:06:47;finished
2021-08-12 05:00:14;started
2021-08-12 05:05:21;finished
2021-08-22 14:00:16;started
2021-08-22 21:37:22;started
2021-08-22 21:38:28;started
2021-08-22 21:40:18;started
2021-08-22 21:42:57;started
2021-08-22 21:43:47;started
2021-08-22 21:44:19;finished
2021-08-23 05:00:14;started
2021-08-23 05:00:40;finished
2021-08-23 06:25:32;started
2021-08-23 14:00:03;started
2021-08-23 14:00:13;started
2021-08-23 14:05:57;finished
2021-08-24 05:00:14;started
2021-08-24 14:00:09;started
2021-08-24 14:00:16;started
2021-08-24 14:05:54;finished
2021-08-24 14:08:15;finished
2021-08-25 04:59:55;started
2021-08-25 05:00:13;started
2021-08-25 05:05:51;finished
2021-08-25 14:00:14;started
2021-08-25 14:05:48;finished
2021-08-26 05:00:13;started
2021-08-26 05:05:27;finished
2021-08-26 14:00:13;started
2021-08-26 14:05:50;finished
2021-08-27 04:59:56;started
2021-08-27 14:00:09;started
2021-08-27 14:00:13;started
2021-08-29 18:44:04;started
2021-08-29 18:50:55;finished
2021-08-29 18:53:28;started
2021-08-29 18:53:36;finished
2021-08-29 21:00:14;started
2021-08-29 21:06:55;finished
2021-08-30 04:59:59;started
2021-08-30 05:00:13;started
2021-08-30 05:05:30;finished
2021-08-30 21:00:15;started
2021-08-30 21:06:36;finished
2021-08-31 05:00:13;started
2021-08-31 05:05:57;finished
2021-08-31 21:00:15;started
2021-08-31 21:07:11;finished
2021-09-01 04:59:52;started
2021-09-01 05:00:13;started
2021-09-01 05:05:29;finished
2021-09-02 05:00:14;started
2021-09-02 05:05:48;finished
2021-09-02 21:00:20;started
2021-09-02 21:09:40;finished
2021-09-04 05:00:59;started
2021-09-04 10:54:55;started
2021-09-04 13:00:23;started
2021-09-04 14:00:25;started
2021-09-04 17:00:21;started
2021-09-05 09:37:22;started
2021-09-05 20:21:13;started
2021-09-05 21:39:31;started
2021-09-05 21:42:01;started
2021-09-05 21:42:57;started
2021-09-05 21:45:39;started
2021-09-06 07:14:13;started
2021-09-06 07:24:17;finished
2021-09-06 14:00:16;started
2021-09-06 14:09:47;finished
2021-09-07 05:00:16;started
2021-09-07 20:28:12;started
2021-09-07 20:39:46;finished
2021-09-07 21:00:17;started
2021-09-08 04:59:54;started
2021-09-08 05:00:13;started
2021-09-08 05:06:16;finished
2021-09-08 13:00:19;started
2021-09-08 14:00:14;started
2021-09-08 21:07:21;started
2021-09-09 04:59:53;started
2021-09-09 05:00:14;started
2021-09-09 05:06:52;finished
2021-09-09 14:00:04;started
2021-09-09 14:00:21;started
2021-09-09 20:50:58;started
2021-09-09 20:57:37;finished
2021-09-09 21:00:15;started
2021-09-09 21:01:09;started
2021-09-09 21:08:13;finished
2021-09-09 21:12:25;started
2021-09-09 21:20:07;finished
2021-09-10 05:00:14;started
2021-09-10 14:00:14;started
2021-09-10 14:06:27;finished
2021-09-10 17:33:12;started
2021-09-11 07:47:27;started
2021-09-12 05:00:17;started
2021-09-12 20:59:27;started
2021-09-12 21:00:17;started
2021-09-12 21:08:00;finished
2021-09-12 21:11:43;started
2021-09-12 21:20:55;finished
2021-09-13 14:00:16;started
2021-09-13 14:07:21;finished
2021-09-13 21:00:23;started
2021-09-13 21:10:15;finished
2021-09-14 05:00:14;started
2021-09-14 05:06:24;finished
2021-09-14 14:00:04;started
2021-09-14 14:00:13;started
2021-09-15 05:00:17;started
2021-09-15 14:00:17;started
2021-09-15 17:00:14;started
2021-09-15 17:11:34;finished
2021-09-15 21:00:17;started
2021-09-16 05:00:14;started
2021-09-16 14:00:00;started
2021-09-16 14:00:16;started
2021-09-16 14:16:05;finished
2021-09-16 18:27:03;started
2021-09-16 18:35:52;finished
2021-09-17 05:00:18;started
2021-09-17 05:13:04;finished
2021-09-17 14:00:16;started
2021-09-18 05:00:00;started
2021-09-18 05:00:14;started
2021-09-18 05:10:53;finished
2021-09-18 14:00:02;started
2021-09-18 14:00:14;started
2021-09-18 14:06:25;finished
2021-09-18 14:09:25;finished
2021-09-19 21:56:53;started
2021-09-20 04:59:47;started
2021-09-20 05:00:13;started
2021-09-20 05:06:54;finished
2021-09-21 07:15:58;started
2021-09-21 14:00:14;started
2021-09-21 14:17:42;finished
2021-09-21 18:55:12;started
2021-09-21 19:03:08;finished
2021-09-22 06:47:50;started
2021-09-22 06:51:34;started
2021-09-22 06:57:47;finished
2021-09-22 14:00:13;started
2021-09-22 14:06:50;finished
2021-09-23 05:00:14;started
2021-09-23 14:00:08;started
2021-09-23 14:00:14;started
2021-09-24 04:59:54;started
2021-09-24 05:00:16;started
2021-09-24 05:07:04;finished
2021-09-24 14:00:07;started
2021-09-24 14:00:18;started
2021-09-25 14:00:09;started
2021-09-25 14:00:16;started
2021-09-25 14:19:26;finished
2021-09-25 14:22:47;finished
2021-09-25 21:00:14;started
2021-09-25 21:12:34;finished
2021-09-26 05:00:01;started
2021-09-26 05:00:21;started
2021-09-26 13:00:24;started
2021-09-26 13:19:26;finished
2021-09-26 14:00:13;started
2021-09-26 14:16:30;finished
2021-09-26 20:04:31;started
2021-09-26 21:00:17;started
2021-09-27 05:00:16;started
2021-09-27 05:07:16;finished
2021-09-27 14:00:25;started
2021-09-27 14:06:54;finished
2021-09-28 05:00:23;started
2021-09-28 14:00:28;started
2021-09-28 14:00:32;started
2021-09-28 21:00:25;started
2021-09-28 22:46:33;started
2021-09-28 22:47:58;started
2021-09-28 22:50:44;started
2021-09-28 22:53:51;started
2021-09-28 23:05:08;started
2021-09-28 23:17:43;finished
2021-09-29 05:00:26;started
2021-09-29 14:00:27;started
2021-09-30 05:00:35;started
2021-09-30 14:00:32;started
2021-09-30 14:00:36;started
2021-10-01 05:00:51;started
2021-10-01 14:00:40;started
2021-10-02 05:03:33;started
2021-10-02 14:00:44;started
2021-10-03 05:00:40;started
2021-10-03 14:00:17;started
2021-10-03 14:00:20;started
2021-10-03 20:46:58;started
2021-10-03 20:48:08;started
2021-10-03 21:00:25;started
2021-10-04 05:00:19;started
2021-10-04 14:00:40;started
2021-10-04 18:53:20;started
2021-10-04 19:01:56;finished
2021-10-04 20:47:07;started
2021-10-04 20:58:24;finished
2021-10-04 21:00:15;started
2021-10-07 19:15:05;started
2021-10-07 19:23:51;started
2021-10-07 20:00:36;started
2021-10-07 20:02:34;finished
2021-10-07 20:03:33;started
2021-10-07 20:06:49;started
2021-10-07 20:15:30;finished
2021-10-07 20:23:42;started
2021-10-07 20:37:36;finished
2021-10-08 05:00:14;started
2021-10-08 05:07:04;finished
2021-10-08 13:59:56;started
2021-10-08 14:00:13;started
2021-10-08 14:07:16;finished
2021-10-08 14:10:15;finished
2021-10-09 05:00:17;started
2021-10-09 05:10:56;finished
2021-10-09 11:10:18;started
2021-10-09 13:00:15;started
2021-10-09 13:09:47;finished
2021-10-09 19:31:14;started
2021-10-09 19:31:18;started
2021-10-09 19:33:09;started
2021-10-09 19:38:49;finished
2021-10-09 19:42:15;finished
2021-10-09 21:00:15;started
2021-10-09 21:10:02;finished
2021-10-10 14:00:17;started
2021-10-10 14:07:37;finished
2021-10-11 21:00:20;started
2021-10-11 21:32:33;started
2021-10-12 13:56:13;started
2021-10-12 14:00:14;started
2021-10-12 14:03:33;finished
2021-10-12 14:06:51;finished
2021-10-12 21:56:25;started
2021-10-12 22:06:24;finished
2021-10-13 04:59:50;started
2021-10-13 05:00:13;started
2021-10-13 05:07:53;finished
2021-10-13 13:53:02;started
2021-10-13 14:00:14;started
2021-10-13 14:15:45;finished
2021-10-13 14:18:39;finished
2021-10-13 21:31:53;started
2021-10-13 21:39:18;finished
2021-10-14 05:00:20;started
2021-10-14 05:06:47;finished
2021-10-14 14:00:05;started
2021-10-14 14:00:13;started
2021-10-14 14:06:42;finished
2021-10-14 19:24:20;started
2021-10-14 19:33:08;finished
2021-10-14 21:00:14;started
2021-10-14 21:08:47;finished
2021-10-15 05:00:27;started
2021-10-15 05:07:39;finished
2021-10-15 14:00:23;started
2021-10-15 14:06:54;finished
2021-10-15 21:00:17;started
2021-10-15 21:08:38;finished
2021-10-16 05:00:17;started
2021-10-16 05:09:07;finished
2021-10-16 14:00:14;started
2021-10-16 14:07:49;finished
2021-10-17 05:00:20;started
2021-10-17 05:08:01;finished
2021-10-17 14:00:16;started
2021-10-17 14:08:23;finished
2021-10-17 21:17:57;started
2021-10-17 21:25:55;finished
2021-10-18 04:59:58;started
2021-10-18 05:00:16;started
2021-10-18 14:00:14;started
2021-10-18 14:06:51;finished
2021-10-18 19:48:39;started
2021-10-18 19:55:51;finished
2021-10-18 21:00:15;started
2021-10-19 04:59:58;started
2021-10-19 05:00:20;started
2021-10-19 14:00:14;started
2021-10-19 14:06:54;finished
2021-10-20 14:00:16;started
2021-10-20 14:07:06;finished
2021-10-20 20:58:17;started
2021-10-20 21:00:13;started
2021-10-20 21:07:49;finished
2021-10-21 05:00:20;started
2021-10-21 05:11:47;finished
2021-10-21 14:00:00;started
2021-10-21 14:00:08;started
2021-10-21 14:00:14;started
2021-10-21 14:07:33;finished
2021-10-21 14:10:24;finished
2021-10-22 05:00:29;started
2021-10-22 09:00:23;started
2021-10-22 09:09:19;finished
2021-10-22 13:00:15;started
2021-10-22 13:11:02;finished
2021-10-22 14:00:13;started
2021-10-22 14:10:30;finished
2021-10-23 05:00:19;started
2021-10-23 14:00:17;started
2021-10-24 05:00:14;started
2021-10-24 05:17:16;finished
2021-10-24 14:00:14;started
2021-10-24 14:11:07;finished
2021-10-25 05:00:32;started
2021-10-25 05:12:50;finished
2021-10-26 05:00:40;started
2021-10-26 05:14:10;finished
2021-10-26 14:00:40;started
2021-10-27 05:00:21;started
2021-10-27 05:12:55;finished
2021-10-27 14:00:16;started
2021-10-27 14:24:34;finished
2021-10-28 05:00:24;started
2021-10-28 14:00:14;started
2021-10-28 14:11:24;finished
2021-10-29 05:00:22;started
2021-10-29 05:16:14;finished
2021-10-29 14:00:11;started
2021-10-29 14:00:13;started
2021-10-29 14:11:40;finished
2021-10-30 05:00:14;started
2021-10-30 05:00:28;started
2021-10-30 05:07:46;finished
2021-10-30 14:00:31;started
2021-10-31 05:00:14;started
2021-10-31 05:12:39;finished
2021-10-31 14:00:16;started
2021-10-31 14:00:18;started
2021-10-31 14:07:43;finished
2021-10-31 14:10:46;finished
2021-10-31 19:34:38;started
2021-10-31 19:42:25;finished
2021-10-31 21:00:15;started
2021-10-31 21:12:45;finished
2021-11-01 04:59:52;started
2021-11-01 05:00:17;started
2021-11-01 05:18:53;finished
2021-11-01 14:00:04;started
2021-11-01 14:00:17;started
2021-11-01 17:00:14;started
2021-11-01 17:13:11;finished
2021-11-01 21:00:15;started
2021-11-01 21:15:31;finished
2021-11-02 05:00:18;started
2021-11-02 14:00:16;started
2021-11-02 14:19:03;finished
2021-11-02 19:44:20;started
2021-11-02 19:52:35;finished
2021-11-02 21:00:14;started
2021-11-02 21:09:46;finished
2021-11-03 05:00:01;started
2021-11-03 09:00:18;started
2021-11-03 13:00:15;started
2021-11-03 13:13:11;finished
2021-11-03 14:00:13;started
2021-11-03 14:06:39;finished
2021-11-03 21:01:51;started
2021-11-03 21:09:30;finished
2021-11-04 05:00:47;started
2021-11-04 05:12:15;finished
2021-11-04 14:00:23;started
2021-11-04 14:07:12;finished
2021-11-04 20:05:06;started
2021-11-04 20:18:12;finished
2021-11-04 21:00:15;started
2021-11-04 21:21:09;started
2021-11-04 21:28:45;finished
2021-11-05 05:00:30;started
2021-11-05 14:00:26;started
2021-11-05 14:07:01;finished
2021-11-05 19:29:03;started
2021-11-05 19:35:49;finished
2021-11-05 21:14:13;started
2021-11-05 21:21:30;finished
2021-11-06 05:00:25;started
2021-11-06 05:07:39;finished
2021-11-06 14:00:30;started
2021-11-06 14:09:20;finished
2021-11-07 05:00:34;started
2021-11-07 05:07:29;finished
2021-11-07 14:00:29;started
2021-11-07 14:07:16;finished
2021-11-07 17:22:16;started
2021-11-07 17:30:02;finished
2021-11-07 21:00:15;started
2021-11-08 05:00:34;started
2021-11-08 14:00:25;started
2021-11-08 20:39:24;started
2021-11-08 20:56:51;started
2021-11-08 21:00:19;started
2021-11-08 21:04:56;finished
2021-11-08 21:06:02;started
2021-11-08 21:13:01;finished
2021-11-09 05:00:23;started
2021-11-09 05:07:49;finished
2021-11-09 14:00:20;started
2021-11-09 14:07:22;finished
2021-11-09 21:23:32;started
2021-11-09 21:44:18;finished
2021-11-10 05:00:30;started
2021-11-10 14:00:16;started
2021-11-10 14:07:03;finished
2021-11-13 11:31:32;started
2021-11-13 11:39:37;finished
2021-11-13 14:00:16;started
2021-11-13 14:06:51;finished
2021-11-14 05:00:15;started
2021-11-14 14:00:09;started
2021-11-14 14:00:13;started
2021-11-14 14:06:37;finished
2021-11-14 14:09:42;finished
2021-11-15 05:00:17;started
2021-11-15 05:07:09;finished
2021-11-15 14:00:02;started
2021-11-15 14:00:13;started
2021-11-15 14:06:54;finished
2021-11-15 14:09:57;finished
2021-11-15 17:00:16;started
2021-11-15 17:08:17;finished
2021-11-16 05:00:15;started
2021-11-16 05:10:17;finished
2021-11-16 14:00:26;started
2021-11-16 14:07:56;finished
2021-11-16 18:56:23;started
2021-11-16 19:04:54;finished
2021-11-17 06:09:14;started
2021-11-17 06:09:58;started
2021-11-17 06:17:44;finished
2021-11-17 14:00:29;started
2021-11-17 21:20:34;started
2021-11-17 21:40:12;started
2021-11-17 21:47:40;finished
2021-11-18 20:54:16;started
2021-11-18 21:00:13;started
2021-11-18 21:01:23;finished
2021-11-19 04:59:57;started
2021-11-19 05:00:13;started
2021-11-19 05:06:49;finished
2021-11-19 14:00:18;started
2021-11-20 05:00:15;started
2021-11-20 05:07:34;finished
2021-11-20 11:50:31;started
2021-11-20 11:58:49;finished
2021-11-20 13:00:15;started
2021-11-20 13:07:02;finished
2021-11-20 14:00:14;started
2021-11-20 14:06:57;finished
2021-11-21 05:00:24;started
2021-11-21 05:07:30;finished
2021-11-21 14:00:25;started
2021-11-22 05:00:23;started
2021-11-22 14:00:25;started
2021-11-22 14:06:59;finished
2021-11-22 20:28:02;started
2021-11-22 20:37:55;finished
2021-11-22 21:00:15;started
2021-11-22 21:08:18;finished
2021-11-23 05:00:20;started
2021-11-23 05:07:32;finished
2021-11-23 21:00:17;started
2021-11-23 21:14:28;started
2021-11-23 21:26:03;finished
2021-11-24 05:00:17;started
2021-11-24 05:06:55;finished
2021-11-24 14:00:22;started
2021-11-25 05:00:24;started
2021-11-25 05:07:27;finished
2021-11-25 14:00:20;started
2021-11-25 21:58:41;started
2021-11-25 22:12:49;finished
2021-11-26 01:00:16;started
2021-11-26 01:08:26;finished
2021-11-26 05:00:19;started
2021-11-26 05:08:09;finished
2021-11-26 09:00:18;started
2021-11-26 09:08:19;finished
2021-11-26 14:00:14;started
2021-11-26 17:00:16;started
2021-11-26 17:08:10;finished
2021-11-27 01:00:19;started
2021-11-27 01:13:35;finished
2021-11-27 05:00:18;started
2021-11-28 05:00:28;started
2021-11-28 05:18:02;finished
2021-11-28 14:00:31;started
2021-11-28 14:07:34;finished
2021-11-28 18:17:55;started
2021-11-28 18:26:50;finished
2021-11-28 21:00:17;started
2021-11-28 21:13:19;finished
2021-11-29 05:00:30;started
2021-11-29 05:17:37;finished
2021-11-29 14:00:50;started
2021-11-30 05:00:42;started
2021-12-01 05:00:45;started
2021-12-01 09:00:17;started
2021-12-01 09:08:16;finished
2021-12-01 14:00:23;started
2021-12-01 14:07:41;finished
2021-12-02 09:37:26;started
2021-12-02 09:44:19;finished
2021-12-02 13:00:15;started
2021-12-02 13:06:54;finished
2021-12-02 14:00:14;started
2021-12-02 14:07:22;finished
2021-12-02 18:09:37;started
2021-12-02 18:16:54;finished
2021-12-03 05:00:28;started
2021-12-03 05:09:04;finished
2021-12-03 14:00:37;started
2021-12-04 05:00:41;started
2021-12-04 05:15:55;finished
2021-12-04 14:00:34;started
2021-12-04 14:07:28;finished
2021-12-05 05:00:38;started
2021-12-05 05:08:52;finished
2021-12-05 14:00:27;started
2021-12-05 14:08:09;finished
2021-12-05 21:00:17;started
2021-12-06 05:00:30;started
2021-12-06 05:16:07;finished
2021-12-06 14:00:29;started
2021-12-06 14:07:16;finished
2021-12-07 05:00:49;started
2021-12-07 05:08:36;finished
2021-12-07 14:00:29;started
2021-12-07 14:11:50;finished
2021-12-08 05:00:36;started
2021-12-08 12:10:51;started
2021-12-08 12:18:54;finished
2021-12-08 13:00:15;started
2021-12-08 13:07:53;finished
2021-12-08 14:00:13;started
2021-12-08 14:07:38;finished
2021-12-09 05:00:46;started
2021-12-09 05:10:02;finished
2021-12-09 10:21:27;started
2021-12-09 10:29:13;finished
2021-12-09 14:00:07;started
2021-12-09 14:00:13;started
2021-12-09 14:08:20;finished
2021-12-10 14:00:34;started
2021-12-11 14:00:34;started
2021-12-12 05:00:35;started
2021-12-12 14:00:29;started
2021-12-12 14:10:34;finished
2021-12-13 05:00:57;started
2021-12-13 21:00:15;started
2021-12-13 21:09:03;finished
2021-12-14 05:00:41;started
2021-12-15 05:00:46;started
2021-12-15 21:00:18;started
2021-12-15 21:10:08;finished
2021-12-16 05:00:34;started
2021-12-16 05:08:59;finished
2021-12-16 14:00:16;started
2021-12-16 14:13:47;finished
2021-12-16 19:59:40;started
2021-12-16 20:00:28;started
2021-12-16 20:06:01;started
2021-12-16 20:16:02;finished
2021-12-16 21:00:13;started
2021-12-16 21:08:56;finished
2021-12-17 04:59:55;started
2021-12-17 05:00:20;started
2021-12-17 14:00:02;started
2021-12-17 14:00:15;started
2021-12-17 14:19:26;finished
2021-12-17 14:23:07;finished
2021-12-18 04:59:57;started
2021-12-18 05:00:14;started
2021-12-18 05:08:22;finished
2021-12-18 13:59:58;started
2021-12-18 14:00:13;started
2021-12-18 14:08:48;finished
2021-12-18 14:11:32;finished
2021-12-19 14:00:15;started
2021-12-19 14:12:52;finished
2021-12-20 05:00:17;started
2021-12-20 05:07:57;finished
2021-12-20 13:59:57;started
2021-12-20 14:00:13;started
2021-12-20 14:12:34;finished
2021-12-21 04:59:57;started
2021-12-21 05:00:17;started
2021-12-21 14:00:04;started
2021-12-21 14:00:15;started
2021-12-21 14:07:53;finished
2021-12-22 04:59:53;started
2021-12-22 04:59:54;started
2021-12-22 05:00:16;started
2021-12-22 14:00:02;started
2021-12-22 14:00:19;started
2021-12-22 14:07:48;finished
2021-12-23 04:59:54;started
2021-12-23 05:00:16;started
2021-12-23 05:07:49;finished
2021-12-23 13:59:56;started
2021-12-23 14:00:14;started
2021-12-23 14:20:49;finished
2021-12-23 14:24:50;finished
2021-12-24 05:00:25;started
2021-12-24 05:13:33;finished
2021-12-25 04:59:57;started
2021-12-25 05:00:15;started
2021-12-25 05:07:44;finished
2021-12-25 14:00:01;started
2021-12-25 14:00:15;started
2021-12-25 14:11:12;finished
2021-12-26 05:00:01;started
2021-12-26 05:00:15;started
2021-12-26 05:08:54;finished
2021-12-26 14:00:14;started
2021-12-26 14:13:24;finished
2021-12-27 04:59:51;started
2021-12-27 05:00:15;started
2021-12-27 05:14:51;finished
2021-12-27 13:00:16;started
2021-12-27 13:07:25;finished
2021-12-27 14:00:13;started
2021-12-27 14:08:17;finished
2021-12-27 17:00:15;started
2021-12-27 17:01:19;started
2021-12-27 17:08:23;finished
2021-12-27 17:54:28;started
2021-12-27 18:02:33;finished
2021-12-27 21:03:50;started
2021-12-27 21:14:17;finished
2021-12-28 05:00:31;started
2021-12-28 05:15:24;finished
2021-12-28 14:00:05;started
2021-12-28 14:00:13;started
2021-12-28 14:08:04;finished
2021-12-28 14:11:17;finished
2021-12-29 14:00:25;started
2021-12-29 14:08:28;finished
2021-12-30 05:00:25;started
2021-12-30 05:07:55;finished
2021-12-30 09:53:20;started
2021-12-30 10:01:51;finished
2021-12-30 13:59:57;started
2021-12-30 14:00:13;started
2021-12-30 14:07:56;finished
2021-12-30 14:11:48;finished
2021-12-31 05:00:29;started
2021-12-31 10:09:45;started
2021-12-31 10:17:36;finished
2021-12-31 13:00:15;started
2021-12-31 13:07:41;finished
2021-12-31 14:00:13;started
2021-12-31 14:07:35;finished
2022-01-02 17:13:47;started
2022-01-02 17:16:15;started
2022-01-02 17:18:43;started
2022-01-02 17:22:28;started
2022-01-02 17:27:19;started
2022-01-02 17:28:06;started
2022-01-02 17:36:36;finished
2022-01-02 21:00:17;started
2022-01-02 21:09:11;finished
2022-01-02 21:20:38;started
2022-01-02 21:42:59;started
2022-01-02 21:43:21;started
2022-01-02 21:55:04;started
2022-01-02 22:15:31;started
2022-01-02 22:20:00;started
2022-01-02 22:21:00;started
2022-01-02 22:22:51;finished
2022-01-03 05:00:31;started
2022-01-03 14:00:22;started
2022-01-03 14:02:14;finished
2022-01-03 19:06:21;started
2022-01-03 19:08:10;finished
2022-01-03 19:48:22;started
2022-01-03 20:08:24;started
2022-01-03 20:22:50;started
2022-01-03 20:26:53;started
2022-01-03 20:28:43;started
2022-01-03 20:29:17;started
2022-01-03 20:37:32;started
2022-01-03 20:44:27;started
2022-01-03 20:48:48;finished
2022-01-03 21:00:15;started
2022-01-03 21:01:17;finished
2022-01-03 21:17:08;started
2022-01-03 21:18:03;finished
